G1776144825_903aeeea86.jpg,[green sea turtle]
G179524988_1b49d05f69.jpg,[green sea turtle]
G2036633442_827c50a29d.jpg,[green sea turtle]
G2045183858_489f507954.jpg,[green sea turtle]
G2092972310_f23d2476fa.jpg,[green sea turtle]
G2231043515_c31f1eda01.jpg,[green sea turtle]
G2249269715_a16513d4b5.jpg,[green sea turtle]
G2351372108_1f392e7b34.jpg,[green sea turtle]
G2372187050_18be35a8d3.jpg,[green sea turtle]
G2383229369_ea14ac167d.jpg,[green sea turtle]
G2497314685_b0cb74d0c5.jpg,[green sea turtle]
G2504076508_3e6fe39ee6.jpg,[green sea turtle]
G2512587857_8eb7d68731.jpg,[green sea turtle]
G2518414896_a25d033622.jpg,[green sea turtle]
G2561708839_6db63bd9d9.jpg,[green sea turtle]
G2572114900_0d7f96b84a.jpg,[green sea turtle]
G2655083390_31bfe0c85d.jpg,[green sea turtle]
G487076519_3eb1d25a8d.jpg,[green sea turtle]
G957175665_4e7c2b5e05.jpg,[green sea turtle]
Hdownload (11).jpeg,[hawksbill sea turtle]
Hdownload (13).jpeg,[hawksbill sea turtle]
Hdownload (7).jpeg,[hawksbill sea turtle]
Himages (10).jpeg,[hawksbill sea turtle]
Himages (12).jpeg,[hawksbill sea turtle]
Himages (14).jpeg,[hawksbill sea turtle]
Himages (2).jpeg,[hawksbill sea turtle]
Himages (3).jpeg,[hawksbill sea turtle]
Himages (4).jpeg,[hawksbill sea turtle]
Himages (5).jpeg,[hawksbill sea turtle]
Himages (7).jpeg,[hawksbill sea turtle]
Himages.jpeg,[hawksbill sea turtle]
Hmarine-species-green-turtle-istock-spd0218.jpeg,[hawksbill sea turtle]
L119755.jpeg,[loggerhead sea turtle]
L1343970215_afac0d49c2.jpg,[loggerhead sea turtle]
L178040052_fdbb3ba44b.jpg,[loggerhead sea turtle]
L193390782_0f03ccb174.jpg,[loggerhead sea turtle]
L2148950739_85db7d50f1.jpg,[loggerhead sea turtle]
L218933603_78ec25bc66.jpg,[loggerhead sea turtle]
L218933604_c5a62be4f4.jpg,[loggerhead sea turtle]
L2399420065_3335a0f5ee.jpg,[loggerhead sea turtle]
L2469239701_ca9c656f10.jpg,[loggerhead sea turtle]
L2562087532_49a4cbdb6b.jpg,[loggerhead sea turtle]
L2672051413_d7ca68b898.jpg,[loggerhead sea turtle]
L65628126_2908233475885706_7710063816465186816_o.jpeg,[loggerhead sea turtle]
L860967108_39a3918373.jpg,[loggerhead sea turtle]
Loggerhead(Wikimedia).jpg,[loggerhead sea turtle]
Lshutterstock_1075410227.jpeg,[loggerhead sea turtle]
R003769-200-Kemps-ridley-sea-turtle.jpg,[ridley sea turtle]
R032915-450-Kemps-ridley-sea-turtle.jpg,[ridley sea turtle]
Ridley swimming.jpg,[ridley sea turtle]
Ridley-turtle.jpg,[ridley sea turtle]
Rkemp-ridley.jpg,[ridley sea turtle]
Rolive ridley turtle.jpg,[ridley sea turtle]
Rolive-ridley-sea-turtle (1).jpg,[ridley sea turtle]
Rolive-ridley-sea-turtle.jpg,[ridley sea turtle]
Rolive_ridley_sea_turtle.jpg,[ridley sea turtle]
Roliveridley_turtle.jpg,[ridley sea turtle]
Roliveridleyreturning (1).jpg,[ridley sea turtle]
Rturtle_ridley3.jpg,[ridley sea turtle]
labelled-loggerhead-1.jpeg,[loggerhead sea turtle]
